KEGG,energy_min,energy_Ha,conf_num,energy_solv_Ha
C00001,-76.31856157989513,-76.31856157989513,1,-76.31856157989513
C00014,-56.92087878105529,-56.92087878105529,1,-56.92087878105529
C00022,-341.8093544341923,-341.8089266825285,10,-341.8089266825285
C00025,-551.1152234482319,-551.1149005532635,13,-551.1149005532635
C00026,-569.3007943459069,-569.3005787126223,11,-569.3005787126223
C00031,-685.9823273684882,-685.9817307006118,15,-685.9817307006118
C00033,-228.6895659814186,-228.68944278850017,10,-228.68944278850017
C00036,-530.077077321477,-530.0764467123001,16,-530.0764467123001
C00037,-284.3955984350847,-284.3954189362977,10,-284.3954189362977
C00041,-323.6204044381763,-323.62003199370827,13,-323.62003199370827
C00042,-456.18494046947455,-456.1843992719921,11,-456.1843992719921
C00047,-497.00127119408455,-497.0004188474276,13,-497.0004188474276
C00048,-302.57440219916816,-302.57405803059254,4,-302.57405803059254
C00049,-511.8910085321349,-511.88996311967037,16,-511.88996311967037
C00058,-189.45654091568264,-189.45630228791902,2,-189.45630228791902
C00062,-606.3241028844162,-606.3234543703695,14,-606.3234543703695
C00064,-531.2565987585856,-531.2561127345185,10,-531.2561127345185
C00065,-398.7255891858297,-398.7252412988312,10,-398.7252412988312
C00067,-114.30622325078485,-114.30622325078485,1,-114.30622325078485
C00073,-799.7602589966693,-799.7598992635939,10,-799.7598992635939
C00077,-457.7766435929308,-457.7761847456448,10,-457.7761847456448
C00079,-554.1506549298019,-554.1499995235702,10,-554.1499995235702
C00082,-629.2640762059569,-629.2634447528288,10,-629.2634447528288
C00084,-153.54196743271024,-153.54190339565588,5,-153.54190339565588
C00085,-1252.9411994868608,-1252.941128157016,10,-1252.941128157016
C00090,-381.9456596500454,-381.9455934070113,10,-381.9455934070113
C00092,-1252.93776895667,-1252.9373721192978,10,-1252.9373721192978
C00093,-911.1350814967091,-911.1348781808,10,-911.1348781808
C00095,-685.9822584245669,-685.9816639074285,10,-685.9816639074285
C00097,-721.3182871396472,-721.3176292906836,10,-721.3176292906836
C00099,-323.62619418654685,-323.6258074662902,13,-323.6258074662902
C00108,-475.700062668324,-475.6998389312825,10,-475.6998389312825
C00109,-381.03212198211986,-381.0316311657714,10,-381.0316311657714
C00111,-909.9296823620342,-909.9287849604854,19,-909.9287849604854
C00114,-328.10129899284476,-328.10101182918254,10,-328.10101182918254
C00116,-344.1840307277971,-344.18338892137467,11,-344.18338892137467
C00118,-909.927536255996,-909.9270277016087,16,-909.9270277016087
C00121,-571.6469298290067,-571.6463922885491,10,-571.6463922885491
C00123,-441.2888121751048,-441.2882424816633,10,-441.2882424816633
C00124,-685.9809754282801,-685.9802022591864,10,-685.9802022591864
C00132,-115.51759156029385,-115.51759156029385,1,-115.51759156029385
C00133,-323.6204264218897,-323.62009240143124,11,-323.62009240143124
C00134,-269.5134193287757,-269.5125447211095,10,-269.5125447211095
C00135,-548.6442566301732,-548.6436938476754,10,-548.6436938476754
C00137,-686.0008516135201,-686.0000223860451,10,-686.0000223860451
C00141,-420.2555768800497,-420.25531621494423,12,-420.25531621494423
C00146,-306.8342230641743,-306.83421009851963,4,-306.83421009851963
C00148,-400.8598705980781,-400.85973368104646,10,-400.85973368104646
C00149,-531.2883446367389,-531.2880454741908,14,-531.2880454741908
C00152,-492.0386985530111,-492.0383109310512,10,-492.0383109310512
C00156,-495.1116542397731,-495.11162286580185,14,-495.11162286580185
C00158,-758.7868892304505,-758.7865948016425,10,-758.7865948016425
C00159,-685.9838517394146,-685.9829813076692,10,-685.9829813076692
C00160,-303.79091464199774,-303.7905626114898,10,-303.7905626114898
C00163,-267.91196007872384,-267.9114588213113,14,-267.9114588213113
C00164,-381.0454125798792,-381.04443908374157,10,-381.04443908374157
C00166,-572.3396345635927,-572.3391824700454,10,-572.3391824700454
C00168,-416.9079761135281,-416.9076596680736,17,-416.9076596680736
C00178,-453.2883219837134,-453.2882636798506,4,-453.2882636798506
C00179,-418.0612585408997,-418.06054863432075,10,-418.06054863432075
C00180,-419.9960062819716,-419.9959724929658,7,-419.9959724929658
C00181,-571.6565001577665,-571.6555495413389,10,-571.6555495413389
C00183,-402.06571030421827,-402.06532164160467,10,-402.06532164160467
C00184,-342.9781640308521,-342.9778327228129,16,-342.9778327228129
C00186,-343.0185853946551,-343.0184021291158,13,-343.0184021291158
C00188,-437.95138585679905,-437.95100699468236,11,-437.95100699468236
C00189,-210.46039456901087,-210.4602965884709,10,-210.4602965884709
C00191,-759.9226489522079,-759.9223576830836,10,-759.9223576830836
C00193,-344.8517890360313,-344.8517890360313,1,-344.8517890360313
C00196,-570.224312991028,-570.2242389977624,10,-570.2242389977624
C00197,-985.0746340695765,-985.074305558863,19,-985.074305558863
C00198,-684.7978042995331,-684.7968844197163,10,-684.7968844197163
C00199,-1138.5985978629822,-1138.598093141886,5,-1138.598093141886
C00204,-684.802850784848,-684.8022750275895,10,-684.8022750275895
C00207,-192.77567434303836,-192.77556911555885,10,-192.77556911555885
C00209,-377.7182273748625,-377.7177138102754,10,-377.7177138102754
C00216,-571.6546685232108,-571.6539794214194,10,-571.6539794214194
C00217,-551.1124091392967,-551.1120679768622,10,-551.1120679768622
C00218,-96.13111948893244,-96.13111948893244,1,-96.13111948893244
C00221,-685.9850592086182,-685.9843356088467,10,-685.9843356088467
C00222,-341.8092273031506,-341.80908277818213,14,-341.80908277818213
C00230,-570.2222105974407,-570.2220559138409,14,-570.2220559138409
C00231,-1138.5965956558462,-1138.59603649644,13,-1138.59603649644
C00232,-381.0367307596692,-381.0359960019227,15,-381.0359960019227
C00233,-459.47854190212104,-459.47796307922516,10,-459.47796307922516
C00245,-757.9315043983363,-757.9314395608955,10,-757.9314395608955
C00246,-307.13419345508436,-307.1338907534621,16,-307.1338907534621
C00247,-685.9880267979794,-685.9872521987747,10,-685.9872521987747
C00250,-589.988016501729,-589.9876978760277,10,-589.9876978760277
C00253,-436.4671336504597,-436.4669786148053,10,-436.4669786148053
C00256,-343.01857995091717,-343.0182780557129,16,-343.0182780557129
C00257,-761.1243369189336,-761.1241320884889,10,-761.1241320884889
C00258,-418.1221342655894,-418.1215842890428,14,-418.1215842890428
C00259,-571.6545791891763,-571.6542354665887,10,-571.6542354665887
C00261,-344.8517890360313,-344.8517890360313,1,-344.8517890360313
C00263,-437.9471929754107,-437.9464955252954,12,-437.9464955252954
C00266,-228.64514778569267,-228.64420015319817,10,-228.64420015319817
C00267,-685.9823273684882,-685.9817307006118,15,-685.9817307006118
C00273,-684.770364179057,-684.7697169906531,10,-684.7697169906531
C00275,-1252.936134482319,-1252.9357502959945,10,-1252.9357502959945
C00279,-1024.260104543354,-1024.259771774653,10,-1024.259771774653
C00282,-1.1673838118181383,-1.1673838118181383,1,-1.1673838118181383
C00292,-287.4281233382735,-287.4281018753268,2,-287.4281018753268
C00296,-724.0560934263996,-724.0558631920909,10,-724.0558631920909
C00309,-571.6478629774824,-571.6471914553557,10,-571.6471914553557
C00310,-571.6512458399069,-571.650493089212,10,-571.650493089212
C00311,-758.7834423244252,-758.7825537883532,10,-758.7825537883532
C00312,-571.6517156125002,-571.6510990865676,10,-571.6510990865676
C00314,-591.2047391435992,-591.2045012169465,10,-591.2045012169465
C00318,-555.5992836719734,-555.5990354154912,12,-555.5990354154912
C00322,-608.5263056620612,-608.5256965550792,10,-608.5256965550792
C00331,-703.6439451865308,-703.6434740359915,10,-703.6434740359915
C00333,-759.9220930375612,-759.9216999681654,10,-759.9216999681654
C00334,-362.84978096763405,-362.8494934781917,10,-362.8494934781917
C00345,-1328.0671036190658,-1328.066698648901,10,-1328.066698648901
C00349,-381.03500844448695,-381.0343898905009,10,-381.0343898905009
C00379,-572.850420514414,-572.8497238956136,10,-572.8497238956136
C00383,-416.9564067154309,-416.95619970230626,17,-416.95619970230626
C00388,-360.38190072668164,-360.38152772424,10,-360.38152772424
C00392,-687.1825914853947,-687.1823873282369,10,-687.1823873282369
C00402,-511.88906424917536,-511.8888392807159,15,-511.8888392807159
C00407,-441.2874022135106,-441.2870723507539,10,-441.2870723507539
C00414,-309.2476647081321,-309.2476381099593,10,-309.2476381099593
C00418,-535.8014413857946,-535.801070038406,10,-535.801070038406
C00424,-267.8728036764354,-267.87204443468517,14,-267.87204443468517
C00430,-475.9734420598875,-475.97309382433514,10,-475.97309382433514
C00431,-402.073203542573,-402.07297152724055,14,-402.07297152724055
C00433,-494.15366183009036,-494.1534947260727,14,-494.1534947260727
C00441,-436.74416114165507,-436.7434064785475,13,-436.7434064785475
C00468,-847.8479727303151,-847.847552093812,10,-847.847552093812
C00469,-154.74432765661106,-154.74430776883636,3,-154.74430776883636
C00472,-380.7153491370655,-380.7153491370655,1,-380.7153491370655
C00474,-572.8494545951459,-572.8486536683611,10,-572.8486536683611
C00479,-192.76466794154675,-192.7640658685351,13,-192.7640658685351
C00489,-495.4081852990391,-495.40763749251704,12,-495.40763749251704
C00493,-647.7199245860623,-647.7194010735625,10,-647.7194010735625
C00497,-531.2884178658508,-531.2879702603957,11,-531.2879702603957
C00502,-646.7859238514127,-646.7854536951983,10,-646.7854536951983
C00503,-458.51556899651007,-458.5153113300561,10,-458.5153113300561
C00506,-946.1958600293224,-946.19573219929,10,-946.19573219929
C00508,-571.6502069528773,-571.6494803393362,10,-571.6494803393362
C00511,-266.6842364966296,-266.68388303082054,10,-266.68388303082054
C00514,-761.1211580755686,-761.1209069943608,10,-761.1209069943608
C00515,-457.77667153511504,-457.77624513125573,10,-457.77624513125573
C00522,-535.7976726203567,-535.7972335518292,10,-535.7972335518292
C00530,-381.9448890519673,-381.9448492988456,10,-381.9448492988456
C00532,-572.8490825198005,-572.8485101265153,10,-572.8485101265153
C00534,-571.3574990008127,-571.357309291164,10,-571.357309291164
C00545,-646.785314573473,-646.784963150312,10,-646.784963150312
C00546,-266.66541867380596,-266.665245544261,8,-266.665245544261
C00552,-606.3916644483753,-606.3912771249697,15,-606.3912771249697
C00555,-287.70066322927124,-287.70026415699874,10,-287.70026415699874
C00556,-346.05124737613744,-346.0510051345176,13,-346.0510051345176
C00557,-270.01954828608314,-270.01954281099034,3,-270.01954281099034
C00558,-759.9246902758522,-759.9244737435365,10,-759.9244737435365
C00568,-475.70077716849136,-475.7006874054094,10,-475.7006874054094
C00571,-291.05452404105114,-291.05434444793775,10,-291.05434444793775
C00576,-326.89125021115206,-326.89113431613447,14,-326.89113431613447
C00577,-342.97547620595685,-342.9749992065978,12,-342.9749992065978
C00583,-269.0792844114038,-269.07866524725586,10,-269.07866524725586
C00586,-610.8755874822713,-610.8747914078623,10,-610.8747914078623
C00587,-495.10949038102984,-495.1094378466637,12,-495.1094378466637
C00590,-612.70719312999,-612.7071316682376,10,-612.7071316682376
C00593,-776.1115311692243,-776.111516697632,11,-776.111516697632
C00597,-985.0746340695765,-985.0743015312805,10,-985.0743015312805
C00603,-527.4723569026788,-527.4719457912341,10,-527.4719457912341
C00606,-871.063869865022,-871.063589873955,10,-871.063589873955
C00618,-759.9119557377571,-759.9116304483086,10,-759.9116304483086
C00620,-1138.5927472916767,-1138.592129975741,10,-1138.592129975741
C00624,-703.0351307198291,-703.0347094281333,10,-703.0347094281333
C00628,-570.2232429554907,-570.2231496946087,13,-570.2231496946087
C00632,-550.8120755430192,-550.8119881858127,10,-550.8119881858127
C00633,-419.96758039871884,-419.96751974843266,11,-419.96751974843266
C00644,-1254.1365863285048,-1254.1361913922935,10,-1254.1361913922935
C00652,-570.4669207964813,-570.4664813607088,10,-570.4664813607088
C00661,-909.9275362496215,-909.9268932275492,10,-909.9268932275492
C00666,-685.2642983012223,-685.2638908146874,10,-685.2638908146874
C00668,-1252.93605712897,-1252.9355817606643,10,-1252.9355817606643
C00671,-459.47752859715376,-459.47685703026843,10,-459.47685703026843
C00672,-1063.490515904129,-1063.489897679762,10,-1063.489897679762
C00673,-1063.5006705215853,-1063.5005128331197,9,-1063.5005128331197
C00679,-758.7406171216395,-758.7401116961951,10,-758.7401116961951
C00680,-685.2645296951443,-685.2640996826356,10,-685.2640996826356
C00682,-532.1470984510207,-532.1469698662893,10,-532.1469698662893
C00684,-570.4710145718793,-570.4706860998393,10,-570.4706860998393
C00691,-684.7947071058629,-684.7943178189574,10,-684.7943178189574
C00719,-402.03638070309637,-402.0363509460423,10,-402.0363509460423
C00727,-421.17546616946345,-421.17504317121563,10,-421.17504317121563
C00739,-497.00134643750704,-497.0006558421846,10,-497.0006558421846
C00740,-398.72561694793706,-398.7248778495912,12,-398.7248778495912
C00741,-305.9003979028223,-305.9002046043989,10,-305.9002046043989
C00747,-248.20037376934232,-248.20037376934232,1,-248.20037376934232
C00756,-390.07898853086004,-390.0783176657929,10,-390.0783176657929
C00763,-400.8601940271868,-400.86002262005024,10,-400.86002262005024
C00764,-685.9856358496279,-685.9849870099353,10,-685.9849870099353
C00770,-761.1197880065657,-761.1192559906258,10,-761.1192559906258
C00772,-534.5983742777007,-534.598074102444,10,-534.598074102444
C00792,-606.3242997450241,-606.3239022659906,10,-606.3239022659906
C00793,-721.316909799047,-721.3166050412489,10,-721.3166050412489
C00794,-687.181369100094,-687.1811716194762,10,-687.1811716194762
C00795,-685.9871089671877,-685.9864645578311,10,-685.9864645578311
C00797,-135.354913596118,-135.354913596118,1,-135.354913596118
C00800,-761.1176184443276,-761.1171997610428,10,-761.1171997610428
C00802,-526.281525918312,-526.2812097403691,10,-526.2812097403691
C00803,-346.35667452789596,-346.35653126956,10,-346.35653126956
C00804,-265.43199770521585,-265.4318460079686,2,-265.4318460079686
C00805,-495.1126794314035,-495.1126280384933,11,-495.1126280384933
C00810,-307.1077785310194,-307.1074734829303,11,-307.1074734829303
C00817,-761.1201419053083,-761.119652497164,10,-761.119652497164
C00818,-835.0558203948942,-835.055082111123,10,-835.055082111123
C00819,-531.2566435833692,-531.2562251111958,10,-531.2562251111958
C00820,-437.95138163694605,-437.95100272503026,10,-437.95100272503026
C00830,-490.83426531051293,-490.83383610534685,10,-490.83383610534685
C00835,-847.4281136858376,-847.4278060457816,10,-847.4278060457816
C00846,-608.5397794999283,-608.5390073597395,10,-608.5390073597395
C00854,-310.4461849149815,-310.44586217573186,10,-310.44586217573186
C00855,-799.7602519370209,-799.7598585870628,10,-799.7598585870628
C00860,-474.71426016318463,-474.71390039129,10,-474.71390039129
C00870,-511.0146732354863,-511.0146494798951,10,-511.0146494798951
C00872,-472.6538375914328,-472.6535492753592,10,-472.6535492753592
C00880,-761.119393392934,-761.1191638984799,11,-761.1191638984799
C00902,-459.4768776975666,-459.47617686875554,10,-459.47617686875554
C00905,-759.9225284648851,-759.9217628629256,10,-759.9217628629256
C00937,-267.87285355771223,-267.87211428116404,14,-267.87211428116404
C00940,-549.4466645742698,-549.4462522137278,10,-549.4462522137278
C00944,-722.8512059489092,-722.8507560839215,10,-722.8507560839215
C00951,-849.0425416088987,-849.0421040597549,10,-849.0421040597549
C00956,-590.337267705694,-590.3368822080499,10,-590.3368822080499
C00957,-739.5067577504742,-739.5061103432348,10,-739.5061103432348
C00962,-685.9881226004367,-685.987422569725,15,-685.987422569725
C00966,-534.5847172268171,-534.5844629096945,10,-534.5844629096945
C00969,-267.8697507099489,-267.868983180958,12,-267.868983180958
C00975,-605.1785989800959,-605.1785154544425,10,-605.1785154544425
C00984,-685.9809754282801,-685.9802022593841,10,-685.9802022593841
C00986,-230.28729456104284,-230.28677140510743,5,-230.28677140510743
C00989,-382.24025877037815,-382.2399247989832,12,-382.2399247989832
C00993,-570.476941177033,-570.4764779270258,10,-570.4764779270258
C01005,-965.2354314656341,-965.235100695088,10,-965.235100695088
C01012,-459.47821946104443,-459.477658988672,10,-459.477658988672
C01013,-343.01647251677264,-343.0161904729613,15,-343.0161904729613
C01015,-475.9657282704658,-475.96547152116204,14,-475.96547152116204
C01018,-610.876877138213,-610.8760152931056,10,-610.8760152931056
C01019,-610.8842158212618,-610.8834360792533,11,-610.8834360792533
C01020,-511.14735756561646,-511.14722714832993,10,-511.14722714832993
C01035,-511.3974655352106,-511.39730071507597,10,-511.39730071507597
C01053,-534.5908865022071,-534.5902024610557,10,-534.5902024610557
C01059,-397.5016699048621,-397.5016699048621,1,-397.5016699048621
C01062,-759.9180541537186,-759.9177840564627,18,-759.9177840564627
C01068,-1139.8030768210865,-1139.8025515860365,8,-1139.8025515860365
C01073,-475.5443822775733,-475.54370949833157,10,-475.54370949833157
C01087,-570.5116188985037,-570.5111712950201,14,-570.5111712950201
C01088,-609.7369581903077,-609.7361307386692,10,-609.7361307386692
C01089,-382.24676992239165,-382.2460431584318,12,-382.2460431584318
C01096,-1254.1349330130197,-1254.1345606783404,10,-1254.1345606783404
C01097,-1252.9425319628374,-1252.9424668199435,10,-1252.9424668199435
C01100,-1041.6575795987314,-1041.6568259035228,10,-1041.6568259035228
C01108,-457.05707811349623,-457.05686820060504,10,-457.05686820060504
C01110,-475.9699010932096,-475.96912167623856,10,-475.96912167623856
C01113,-1252.9365131663242,-1252.936364324909,10,-1252.936364324909
C01115,-684.8002095297286,-684.7994390484794,10,-684.7994390484794
C01125,-458.26679593472613,-458.26679593472613,1,-458.26679593472613
C01127,-644.4075854775224,-644.4068572949527,10,-644.4068572949527
C01146,-416.91191355356887,-416.9117009488915,16,-416.9117009488915
C01147,-384.35849989004157,-384.3584129870347,10,-384.3584129870347
C01149,-405.3462538206563,-405.34549125998154,10,-405.34549125998154
C01151,-1705.1037438128476,-1705.1033227981288,10,-1705.1033227981288
C01157,-475.969437267932,-475.96922516225794,10,-475.96922516225794
C01165,-475.9682190259917,-475.96733711922826,14,-475.96733711922826
C01172,-1252.9393263230863,-1252.9389703696697,18,-1252.9389703696697
C01179,-647.4524883077561,-647.45232457739,10,-647.45232457739
C01180,-817.9512925451388,-817.9504438763115,10,-817.9504438763115
C01181,-480.4933704227821,-480.49233650041276,11,-480.49233650041276
C01186,-497.0054903953722,-497.0050856054996,10,-497.0050856054996
C01188,-382.24199007824575,-382.2415947216349,12,-382.2415947216349
C01214,-666.6048087345222,-666.6041127461115,15,-666.6041127461115
C01216,-684.8011477123871,-684.8002334492846,10,-684.8002334492846
C01218,-1326.853157632548,-1326.8526866681127,17,-1326.8526866681127
C01236,-1251.7510414415706,-1251.750747291254,10,-1251.750747291254
C01250,-627.8883956749693,-627.8880146095264,10,-627.8880146095264
C01267,-1059.855435578716,-1059.854951101647,10,-1059.854951101647
C01295,-723.9940446590493,-723.993206562838,10,-723.993206562838
C01298,-795.7561781692722,-795.7555598477467,10,-795.7555598477467
C01380,-229.85081658778347,-229.84983228175636,10,-229.84983228175636
C01390,-271.1902138866313,-271.1898552535877,10,-271.1898552535877
C01403,-346.0383833038518,-346.038348085925,4,-346.038348085925
C01407,-231.7204923268155,-231.7204923268155,1,-231.7204923268155
C01412,-231.98680002231038,-231.98621253244545,12,-231.98621253244545
C01424,-645.3329750123504,-645.3328262200605,10,-645.3328262200605
C01438,-40.418270500709156,-40.418270500709156,1,-40.418270500709156
C01452,-685.9764806791924,-685.9760313393449,10,-685.9760313393449
C01455,-270.9465322879317,-270.94650305179175,2,-270.94650305179175
C01467,-346.06039507577566,-346.0603198461909,10,-346.0603198461909
C01468,-346.0592417395739,-346.0591982780608,10,-346.0591982780608
C01471,-191.54046604356904,-191.5403969220511,2,-191.5403969220511
C01488,-571.640479278418,-571.6398736469599,10,-571.6398736469599
C01489,-687.1799630077609,-687.1797045409447,10,-687.1797045409447
C01502,-421.1505317477012,-421.15047776935637,10,-421.15047776935637
C01507,-687.1803018103298,-687.1800175361036,10,-687.1800175361036
C01510,-571.6498812114548,-571.6493075178612,10,-571.6493075178612
C01542,-346.06057459004643,-346.06005759790855,10,-346.06005759790855
C01545,-388.87585728992366,-388.87540015107476,10,-388.87540015107476
C01546,-417.83395627958123,-417.83366184180653,10,-417.83366184180653
C01569,-572.8465380918233,-572.8460819248256,10,-572.8460819248256
C01570,-441.28879949323516,-441.2883151345371,10,-441.2883151345371
C01582,-685.9732570461028,-685.9727068752301,10,-685.9727068752301
C01585,-385.57942219725584,-385.579152724573,10,-385.579152724573
C01620,-532.4544107759239,-532.4537442307816,10,-532.4537442307816
C01672,-308.7373627209128,-308.73650508801154,10,-308.73650508801154
C01680,-686.0124220697677,-686.0118820082581,10,-686.0118820082581
C01697,-687.1799405730586,-687.1798087597095,10,-687.1798087597095
C01719,-685.982414947969,-685.981878682423,10,-685.981878682423
C01720,-686.0123013816512,-686.011855218886,10,-686.011855218886
C01722,-687.1818319437141,-687.1814396589601,10,-687.1814396589601
C01751,-381.94891243486165,-381.94830432161785,10,-381.94830432161785
C01769,-307.10776750808753,-307.1075406025979,11,-307.1075406025979
C01799,-402.0649144204873,-402.06417804079877,10,-402.06417804079877
C01801,-496.54182262752784,-496.54126207230723,10,-496.54126207230723
C01825,-685.9884690315693,-685.9877829350199,16,-685.9877829350199
C01826,-402.0648172236299,-402.0641100719197,10,-402.0641100719197
C01845,-193.9726249669328,-193.97250718408569,3,-193.97250718408569
C01854,-647.2012374703193,-647.2007939129745,14,-647.2007939129745
C01877,-474.759997325939,-474.7597656893581,10,-474.7597656893581
C01880,-384.36240604133803,-384.3622797496566,10,-384.3622797496566
C01888,-248.4856344759446,-248.4854364611922,10,-248.4854364611922
C01904,-572.849015888193,-572.8483814485783,10,-572.8483814485783
C01905,-492.0386834966774,-492.03828447865396,10,-492.03828447865396
C01924,-645.5479270577362,-645.5477033789684,10,-645.5477033789684
C01929,-473.4965323293653,-473.49597749762626,10,-473.49597749762626
C01933,-441.28753478829026,-441.28703138470416,10,-441.28703138470416
C01987,-362.5402633025769,-362.54018789665776,10,-362.54018789665776
C01988,-511.0112404790362,-511.0112260457338,10,-511.0112260457338
C01991,-382.24025877037815,-382.23995062040325,10,-382.23995062040325
C02001,-192.73984809644466,-192.73959919734506,10,-192.73959919734506
C02020,-271.21343970932736,-271.2129686740926,10,-271.2129686740926
C02022,-457.311312799796,-457.31067796990425,10,-457.31067796990425
C02024,-759.9242342002517,-759.9236034324596,10,-759.9236034324596
C02043,-704.8533796959412,-704.8527500660036,10,-704.8527500660036
C02045,-457.3114812799796,-457.3107284106181,10,-457.3107284106181
C02095,-610.8844704164077,-610.8837148877994,10,-610.8837148877994
C02115,-437.9524103185606,-437.95173195943715,10,-437.95173195943715
C02123,-648.9566607336935,-648.9561611291235,10,-648.9561611291235
C02124,-765.9253972398847,-765.9253755996683,3,-765.9253755996683
C02126,-491.60184583512614,-491.60180559579976,9,-491.60180559579976
C02129,-459.4946830600309,-459.49374233740804,10,-459.49374233740804
C02132,-494.1659103918663,-494.16560049489846,15,-494.16560049489846
C02170,-456.18057420439516,-456.18030430726645,10,-456.18030430726645
C02183,-457.06301052413505,-457.0629079009346,10,-457.0629079009346
C02220,-587.4351304074836,-587.4348809909471,10,-587.4348809909471
C02223,-271.2106806552884,-271.2103164055768,10,-271.2103164055768
C02235,-586.125054112285,-586.1250378659679,10,-586.1250378659679
C02236,-1042.567494266227,-1042.5672552224617,10,-1042.5672552224617
C02261,-362.84208465203744,-362.8416980945161,11,-362.8416980945161
C02262,-666.5916606332967,-666.5910223079103,10,-666.5910223079103
C02266,-570.464290862297,-570.4636537939793,10,-570.4636537939793
C02287,-492.05776383483936,-492.05753938117005,16,-492.05753938117005
C02323,-421.16789355070046,-421.1676400373817,15,-421.1676400373817
C02356,-362.8420699447021,-362.8417797004448,11,-362.8417797004448
C02360,-609.7353039473475,-609.7350314041144,10,-609.7350314041144
C02362,-510.2232360424535,-510.2226562779001,10,-510.2226562779001
C02372,-362.5416448168156,-362.54157341935684,10,-362.54157341935684
C02375,-841.0368403515482,-841.0367174209766,10,-841.0367174209766
C02378,-441.2964292234387,-441.2956309542037,10,-441.2956309542037
C02420,-210.93981131137355,-210.93981131137355,1,-210.93981131137355
C02426,-342.97545860942455,-342.97500018518093,10,-342.97500018518093
C02431,-610.8730517314465,-610.8728073983,10,-610.8728073983
C02457,-269.0725426383643,-269.0722514046852,10,-269.0722514046852
C02479,-571.6545791891763,-571.6542354665136,10,-571.6542354665136
C02486,-441.2960006995905,-441.2955453354263,10,-441.2955453354263
C02497,-305.82745219837136,-305.827302555032,3,-305.827302555032
C02501,-607.2911398830298,-607.290780083785,10,-607.290780083785
C02502,-322.87863064174275,-322.87863064174275,1,-322.87863064174275
C02518,-550.8170553823843,-550.816968363108,10,-550.816968363108
C02522,-610.8769566923236,-610.876562799245,10,-610.876562799245
C02532,-965.2353804768051,-965.2351012313306,10,-965.2351012313306
C02627,-572.0956763605361,-572.0953005397496,11,-572.0953005397496
C02632,-307.1357017975809,-307.1355763184482,12,-307.1355763184482
C02636,-554.3927743749103,-554.392135874998,10,-554.392135874998
C02637,-646.5188559783909,-646.5183495294971,10,-646.5183495294971
C02640,-253.0239580038565,-253.0235922759289,5,-253.0235922759289
C02647,-436.248681557266,-436.24856081016014,10,-436.24856081016014
C02648,-304.61950398559384,-304.61950398559384,1,-304.61950398559384
C02652,-646.5134763222896,-646.5130944359498,10,-646.5130944359498
C02656,-573.8538188538828,-573.8533610704957,10,-573.8533610704957
C02659,-286.04735747000046,-286.04735747000046,1,-286.04735747000046
C02666,-611.5107243438351,-611.5106074315916,10,-611.5106074315916
C02669,-684.7976716721646,-684.7969142613549,10,-684.7969142613549
C02670,-683.5913400168921,-683.590996563311,10,-683.590996563311
C02714,-421.4325152730635,-421.4321009101606,10,-421.4321009101606
C02720,-362.85034467339165,-362.84966217054085,10,-362.84966217054085
C02723,-308.727022200443,-308.7262306744552,10,-308.7262306744552
C02779,-684.7792983840894,-684.778432755224,10,-684.778432755224
C02780,-758.6995997657407,-758.699078186236,10,-758.699078186236
C02781,-610.8764201112333,-610.8756208068091,10,-610.8756208068091
C02782,-686.017250003984,-686.0168770536596,10,-686.0168770536596
C02783,-496.54740680945326,-496.5471191615531,10,-496.5471191615531
C02798,-908.7364019107265,-908.7360002889932,10,-908.7360002889932
C02800,-494.1585640754729,-494.15766851465486,12,-494.15766851465486
C02804,-421.46313794839926,-421.46288287262036,13,-421.46288287262036
C02810,-1254.13557917324,-1254.1349890353379,10,-1254.1349890353379
C02814,-457.05688715239603,-457.0565579772473,10,-457.0565579772473
C02835,-453.7183869340728,-453.7180932296086,10,-453.7180932296086
C02845,-231.99823513410144,-231.99781755947666,10,-231.99781755947666
C02884,-2272.0584228299153,-2272.0582467044565,7,-2272.0582467044565
C02888,-1252.9256731382768,-1252.925154996151,10,-1252.925154996151
C02895,-1139.8037971219583,-1139.803316303882,10,-1139.803316303882
C02903,-287.70066322927124,-287.70026415699874,10,-287.70026415699874
C02912,-269.07977470478556,-269.07905703311627,10,-269.07905703311627
C02923,-421.1715270625169,-421.1713878504618,10,-421.1713878504618
C02928,-645.5727253812688,-645.5720889456892,12,-645.5720889456892
C02946,-514.7673201383245,-514.7671109045012,10,-514.7671109045012
C02953,-848.6302695813612,-848.629481965855,10,-848.629481965855
C02991,-609.6931243741136,-609.6927803076156,10,-609.6927803076156
C02994,-570.4666344392917,-570.4658888237325,10,-570.4658888237325
C03030,-602.336307599879,-602.3362865553121,10,-602.3362865553121
C03044,-308.3067360791063,-308.3059892705826,10,-308.3059892705826
C03056,-397.9974500772896,-397.997129881436,10,-397.997129881436
C03059,-513.0555915204538,-513.0552767404795,10,-513.0552767404795
C03064,-531.2493873229112,-531.2489887490361,10,-531.2489887490361
C03066,-626.2162472821151,-626.2158387976767,10,-626.2158387976767
C03067,-419.96525058405444,-419.96512794607423,11,-419.96512794607423
C03079,-626.21853032621,-626.2179572408265,10,-626.2179572408265
C03088,-528.3931855715448,-528.3926911712124,11,-528.3926911712124
C03107,-684.8003227996368,-684.7998526548264,10,-684.7998526548264
C03134,-248.02906985227327,-248.02899129369467,7,-248.02899129369467
C03153,-570.4693919682554,-570.4689283162134,10,-570.4689283162134
C03167,-720.4725794170612,-720.4716594550581,13,-720.4716594550581
C03177,-1213.709153589584,-1213.708770560343,10,-1213.708770560343
C03194,-249.6887724530286,-249.68851771057868,10,-249.68851771057868
C03196,-570.5122024190849,-570.5116184683866,12,-570.5116184683866
C03197,-382.2467489139616,-382.24600961996566,13,-382.24600961996566
C03217,-683.6434890200953,-683.6429093333683,10,-683.6429093333683
C03228,-384.35996416790175,-384.35960818819945,10,-384.35960818819945
C03232,-983.4116006087552,-983.411191758478,15,-983.411191758478
C03239,-515.191944939523,-515.1915418334697,10,-515.1915418334697
C03241,-459.47361444439133,-459.4729401194063,10,-459.4729401194063
C03251,-1252.9216714506542,-1252.9210252078656,10,-1252.9210252078656
C03269,-684.7768603352935,-684.776215726733,10,-684.776215726733
C03273,-420.25943297158614,-420.2590408186033,12,-420.2590408186033
C03277,-566.8369108125767,-566.8364591057838,10,-566.8364591057838
C03283,-418.54894978247364,-418.5483592563941,10,-418.5483592563941
C03284,-362.84920416248343,-362.8489585109163,10,-362.8489585109163
C03338,-496.28314532517413,-496.2830761920588,10,-496.2830761920588
C03341,-475.9799970247486,-475.9795348401699,10,-475.9795348401699
C03342,-759.9080573393252,-759.9076276469449,18,-759.9076276469449
C03348,-535.7699105974407,-535.7694261256572,10,-535.7694261256572
C03351,-421.1649556182371,-421.1645391032793,20,-421.1645391032793
C03365,-725.2022310767956,-725.2013171007077,10,-725.2013171007077
C03383,-684.7997316042772,-684.7990585431492,18,-684.7990585431492
C03393,-1099.406984016191,-1099.4064439189851,10,-1099.4064439189851
C03394,-1024.2611873292856,-1024.2609455381316,10,-1024.2609455381316
C03401,-379.31659508055645,-379.3164137759924,10,-379.3164137759924
C03433,-1213.7103634189098,-1213.7100146843713,10,-1213.7100146843713
C03440,-475.9706520868193,-475.97051316018593,10,-475.97051316018593
C03458,-473.1030760274737,-473.10206940062665,10,-473.10206940062665
C03459,-605.1764384965977,-605.175711124585,12,-605.175711124585
C03467,-459.491877831429,-459.49105051621075,10,-459.49105051621075
C03494,-1025.4701072620358,-1025.4693791950392,8,-1025.4693791950392
C03499,-460.67826717343155,-460.6775858262932,10,-460.6775858262932
C03500,-459.4762658316202,-459.4753848372115,10,-459.4753848372115
C03505,-834.8273625806761,-834.826926691844,20,-834.826926691844
C03508,-436.7467871715192,-436.7466606347695,10,-436.7466606347695
C03547,-303.79091464199774,-303.7905626114898,10,-303.7905626114898
C03557,-702.2857952940989,-702.2851994582386,15,-702.2851994582386
C03589,-495.36591930327796,-495.36551928064983,15,-495.36551928064983
C03604,-1024.2616319660244,-1024.2611781857509,9,-1024.2611781857509
C03623,-588.6593288473491,-588.6589110652019,10,-588.6589110652019
C03651,-475.96580680467247,-475.9656584430502,10,-475.9656584430502
C03656,-515.2068890439994,-515.2060969895706,10,-515.2060969895706
C03665,-362.8468269366225,-362.8465626099176,10,-362.8465626099176
C03671,-719.24782556772,-719.2475775554301,10,-719.2475775554301
C03678,-437.96076618380584,-437.9602777035792,10,-437.9602777035792
C03736,-1138.5965616101737,-1138.5960699972907,10,-1138.5960699972907
C03739,-385.5594596627942,-385.55906538157404,10,-385.55906538157404
C03741,-475.9660392583385,-475.9657159435795,13,-475.9657159435795
C03743,-532.1693066453124,-532.1690381354749,10,-532.1690381354749
C03752,-741.7266635591465,-741.7260764393249,10,-741.7260764393249
C03771,-624.5155726490415,-624.5152979336582,10,-624.5152979336582
C03817,-568.0521684275948,-568.0518306113163,10,-568.0518306113163
C03824,-512.2900849707574,-512.2896620875653,10,-512.2896620875653
C03826,-570.4709681726188,-570.4705797356186,12,-570.4705797356186
C03828,-1139.0410102866886,-1139.040175429035,10,-1139.040175429035
C03844,-725.1995520931938,-725.1990882432339,10,-725.1990882432339
C03871,-703.4555309732116,-703.4549981016489,10,-703.4549981016489
C03894,-836.0313617089766,-836.0304341653568,10,-836.0304341653568
C03912,-399.64002041879814,-399.6395223816257,10,-399.6395223816257
C03926,-684.8096727271279,-684.8089829554052,10,-684.8089829554052
C03943,-457.7746362336855,-457.7743282594367,10,-457.7743282594367
C03961,-586.992900111552,-586.9926113925276,10,-586.9926113925276
C03980,-1138.6041351325077,-1138.6034684928602,10,-1138.6034684928602
C03981,-530.0739944718013,-530.0738520641911,10,-530.0738520641911
C04053,-683.5931579656101,-683.5924017941217,10,-683.5924017941217
C04076,-515.188487303788,-515.1880459625104,10,-515.1880459625104
C04175,-1629.9985381268825,-1629.998486668501,10,-1629.998486668501
C04181,-495.36574772354226,-495.3650931816584,12,-495.3650931816584
C04272,-496.5779130770825,-496.5773731224999,10,-496.5773731224999
C04280,-815.1542771796464,-815.1539441962775,10,-815.1539441962775
C04281,-474.74155660148847,-474.741269233547,10,-474.741269233547
C04324,-795.5570368870616,-795.5566854189086,10,-795.5566854189086
C04359,-1292.1578291039186,-1292.1575131720706,10,-1292.1575131720706
C04404,-498.7226643129193,-498.7222738981732,10,-498.7222738981732
C04421,-1064.682767047537,-1064.6821343846095,10,-1064.6821343846095
C04442,-1251.7509485872736,-1251.7505721596533,10,-1251.7505721596533
C04462,-1082.875887412153,-1082.874989449282,10,-1082.874989449282
C04484,-720.4139241573839,-720.4135374212858,10,-720.4135374212858
C04575,-758.6923216920846,-758.6915122373091,10,-758.6915122373091
C04670,-572.6325712721709,-572.6322665551338,10,-572.6322665551338
C04673,-813.949513214132,-813.9491090311608,10,-813.9491090311608
C04687,-573.8317719781359,-573.8314281948893,10,-573.8314281948893
C05058,-362.5412729295151,-362.54111850244504,10,-362.54111850244504
C05123,-777.3173536087074,-777.3171133294932,10,-777.3171133294932
C05127,-399.5985547608803,-399.59815799546703,10,-399.59815799546703
C05130,-378.5720376583641,-378.5713839535102,12,-378.5713839535102
C05145,-362.8492262370321,-362.84884973470724,10,-362.84884973470724
C05147,-475.96581573202025,-475.9654467610265,10,-475.9654467610265
C05161,-497.00084499689245,-497.0003304438246,10,-497.0003304438246
C05235,-267.87697705215857,-267.8764935504948,11,-267.8764935504948
C05345,-1252.9398020812419,-1252.9394835195558,8,-1252.9394835195558
C05375,-720.4307606540135,-720.4304634697137,10,-720.4304634697137
C05382,-1367.2595125400392,-1367.2592269686807,10,-1367.2592269686807
C05394,-684.7801682315819,-684.7794176410938,10,-684.7794176410938
C05406,-569.2672970088126,-569.2667592189357,14,-569.2667592189357
C05519,-437.9514862647607,-437.9511347748078,13,-437.9511347748078
C05527,-889.6933620611625,-889.6929211700176,10,-889.6929211700176
C05528,-964.3752989530046,-964.374909405161,10,-964.374909405161
C05572,-549.4530868687351,-549.452549910922,10,-549.452549910922
C05585,-495.0796319612437,-495.07952565187463,15,-495.07952565187463
C05601,-722.8584956622205,-722.8578505727246,10,-722.8578505727246
C05618,-841.0355844496502,-841.035480590278,10,-841.035480590278
C05665,-248.47939132603463,-248.4791132618683,14,-248.4791132618683
C05672,-890.548509902631,-890.548158560473,10,-890.548158560473
C05678,-777.3845668196523,-777.3840787666429,10,-777.3840787666429
C05682,-795.6193890663096,-795.6187899688899,10,-795.6187899688899
C05823,-740.715878078437,-740.7155094747437,10,-740.7155094747437
C05825,-515.1998303660499,-515.199114596123,10,-515.199114596123
C05827,-417.78777744577775,-417.7872411232128,10,-417.7872411232128
C05828,-492.93483052062913,-492.93433966513527,10,-492.93433966513527
C05936,-439.6187574110373,-439.6182632020199,10,-439.6182632020199
C05938,-551.0744373077721,-551.0739969280576,10,-551.0739969280576
C05941,-551.0801697359406,-551.0797603747861,10,-551.0797603747861
C05942,-398.0012142340361,-398.00088694396493,10,-398.00088694396493
C05946,-644.4075854775224,-644.4067753753134,10,-644.4067753753134
C05947,-626.2212139981833,-626.2210723662588,10,-626.2210723662588
C05979,-193.9666048397635,-193.9663964482829,9,-193.9663964482829
C05984,-382.2395641806505,-382.23869865575847,10,-382.23869865575847
C05985,-190.28827514940002,-190.28827514940002,1,-190.28827514940002
C05986,-191.49635397204827,-191.49635397204827,1,-191.49635397204827
C06001,-382.24199007983935,-382.2416295342823,14,-382.2416295342823
C06002,-381.035019311246,-381.0343166721928,12,-381.0343166721928
C06006,-534.5987353460503,-534.5985115937249,10,-534.5985115937249
C06007,-535.7978263581457,-535.7971248176889,10,-535.7971248176889
C06008,-459.4771832050485,-459.4765409444326,10,-459.4765409444326
C06019,-1252.9253021927939,-1252.924734015168,9,-1252.924734015168
C06029,-570.5132393348314,-570.5126813691707,10,-570.5126813691707
C06030,-569.3022108221384,-569.301656545363,10,-569.301656545363
C06032,-570.5119395340313,-570.5112611069563,10,-570.5112611069563
C06054,-1098.1891625025896,-1098.1886430297566,10,-1098.1886430297566
C06055,-1080.0050729438574,-1080.0043187056308,10,-1080.0043187056308
C06056,-513.055861133687,-513.0549403913298,10,-513.0549403913298
C06057,-324.79312208729743,-324.7926724144832,11,-324.7926724144832
C06102,-459.48249600325096,-459.4823089462254,10,-459.4823089462254
C06103,-460.6859453921053,-460.6853530134969,11,-460.6853530134969
C06104,-534.6310437012955,-534.630769803815,14,-534.630769803815
C06105,-383.1457022581313,-383.14566917551593,7,-383.14566917551593
C06108,-327.7952545329955,-327.7949692767436,10,-327.7949692767436
C06142,-233.18895582859238,-233.1884903112017,10,-233.1884903112017
C06144,-304.66481873755004,-304.66447118016805,10,-304.66447118016805
C06145,-229.518846357827,-229.51856249147434,12,-229.51856249147434
C06146,-230.72525281190738,-230.72479911572867,9,-230.72479911572867
C06153,-686.0002978247359,-685.999855895839,10,-685.999855895839
C06158,-609.6956892400121,-609.6952155551988,10,-609.6952155551988
C06159,-609.6967912893818,-609.6963460356735,10,-609.6963460356735
C06202,-419.9697338193814,-419.9697205765316,10,-419.9697205765316
C06231,-494.15411445714017,-494.1539295353979,10,-494.1539295353979
C06255,-420.2531763732849,-420.252799499149,10,-420.252799499149
C06311,-1254.1339942279806,-1254.1335837283498,10,-1254.1335837283498
C06312,-1252.938406251693,-1252.938153296676,10,-1252.938153296676
C06328,-916.146158161623,-916.1460302353686,10,-916.1460302353686
C06369,-1177.8354502031839,-1177.835034847253,10,-1177.835034847253
C06384,-339.20605934726143,-339.2051699582327,10,-339.2051699582327
C06417,-402.065627883221,-402.06527948681776,10,-402.06527948681776
C06418,-441.2873589871078,-441.287103557125,9,-441.287103557125
C06419,-548.6442472900831,-548.6435488478959,9,-548.6435488478959
C06451,-721.6805078086405,-721.6802005129827,10,-721.6802005129827
C06471,-535.7698619304872,-535.769294584601,10,-535.769294584601
C06473,-759.9073412853979,-759.9066793239328,11,-759.9066793239328
C06601,-841.0347589823269,-841.0345396059772,10,-841.0345396059772
C06611,-651.8313437602588,-651.8310495438391,10,-651.8310495438391
C06612,-651.830500980064,-651.8300063185221,10,-651.8300063185221
C06613,-650.6303586460774,-650.6302634214736,2,-650.6302634214736
C06614,-725.7738461984669,-725.7736351601825,10,-725.7736351601825
C06615,-725.7703960064381,-725.7700242754629,10,-725.7700242754629
C06674,-1004.5180585090277,-1004.5179962601226,10,-1004.5179962601226
C06677,-893.5190447307613,-893.5189768107815,8,-893.5189768107815
C06678,-968.6234882726969,-968.6231437868978,15,-968.6231437868978
C06679,-967.4231892702904,-967.4231733898555,2,-967.4231733898555
C06730,-421.1710170467403,-421.1709436238854,10,-421.1709436238854
C06735,-209.25038172140682,-209.2503275214199,11,-209.2503275214199
C06748,-174.5809719781358,-174.5809719781358,1,-174.5809719781358
C06753,-613.8371667304107,-613.8366271278406,9,-613.8366271278406
C06754,-612.6280635671144,-612.627578856076,10,-612.627578856076
C06755,-687.773009241287,-687.7724543198872,10,-687.7724543198872
C06760,-571.3703041736386,-571.370215334419,10,-571.370215334419
C06762,-534.5879866567864,-534.5873399393562,10,-534.5873399393562
C06763,-666.5854707016621,-666.5852508953745,10,-666.5852508953745
C06813,-435.8994672100843,-435.89945629849905,3,-435.89945629849905
C06814,-1138.5908377715098,-1138.590319766442,10,-1138.590319766442
C06892,-684.811423164571,-684.8110132547733,19,-684.8110132547733
C06990,-690.8127985593854,-690.8127985593854,1,-690.8127985593854
C07102,-916.146244687734,-916.1461901727408,10,-916.1461901727408
C07103,-455.8346146117194,-455.83439362055776,10,-455.83439362055776
C07182,-439.1190580660069,-439.1189168558275,10,-439.1189168558275
C07327,-361.32267243868625,-361.3224960864666,2,-361.3224960864666
C07328,-272.41353379229014,-272.4132125100994,10,-272.4132125100994
C07329,-271.21113954199933,-271.2108883204155,10,-271.2108883204155
C07330,-269.99407544740325,-269.9939522079697,10,-269.9939522079697
C07335,-1078.3603966598141,-1078.3602211097568,7,-1078.3602211097568
C07478,-646.5161519449889,-646.516060333801,10,-646.516060333801
C07490,-1532.002469335947,-1532.0022566186642,2,-1532.0022566186642
C07555,-550.2187835269558,-550.2187653348662,10,-550.2187653348662
C08262,-346.3592952526653,-346.35906105436527,10,-346.35906105436527
C08284,-681.4329671479339,-681.4325514036777,10,-681.4325514036777
C08286,-720.6572489012127,-720.6569458422094,10,-720.6569458422094
C08349,-666.5916856352887,-666.5909401450931,10,-666.5909401450931
C08492,-310.41018068716033,-310.4099264258254,10,-310.4099264258254
C09822,-423.60950562540836,-423.60930393998393,10,-423.60930393998393
C10164,-436.0206022007617,-436.02058715778696,2,-436.02058715778696
C10792,-496.2787048333891,-496.2783024926216,17,-496.2783024926216
C10906,-685.9753872145465,-685.9746283894757,10,-685.9746283894757
C10920,-267.8293449745821,-267.8287819284175,10,-267.8287819284175
C10974,-326.91440638236844,-326.91402726405386,10,-326.91402726405386
C11036,-2803.686702570477,-2803.686702570477,1,-2803.686702570477
C11101,-457.02429193957073,-457.0239925910119,10,-457.0239925910119
C11115,-381.92217724179693,-381.9218971230385,9,-381.9218971230385
C11149,-1146.8519330401111,-1146.851834202137,10,-1146.851834202137
C11150,-1605.925171312011,-1605.925040891217,10,-1605.925040891217
C11249,-235.33193275804368,-235.3319301300632,5,-235.3319301300632
C11260,-364.01800003824644,-364.0177775247757,10,-364.0177775247757
C11272,-330.8352914104955,-330.8352914104955,1,-330.8352914104955
C11434,-1064.7009245940303,-1064.7004659118197,10,-1064.7004659118197
C11437,-1063.4965606253286,-1063.496120426701,19,-1063.496120426701
C11465,-625.9252584994662,-625.9251443224438,10,-625.9251443224438
C11476,-571.6409627862504,-571.6400125646227,11,-571.6400125646227
C11488,-323.14013271342293,-323.13922763265884,10,-323.13922763265884
C11496,-1292.6901727159727,-1292.6897013861283,10,-1292.6897013861283
C11497,-1291.4901190228045,-1291.4898268814707,10,-1291.4898268814707
C11498,-1292.6925321285717,-1292.6917431888307,10,-1292.6917431888307
C11499,-965.5920167678604,-965.5919395974068,10,-965.5919395974068
C11505,-117.6348183915794,-117.6348102582053,4,-117.6348102582053
C11511,-586.9911094500485,-586.990792436751,10,-586.990792436751
C11537,-965.59203930774,-965.591992571489,10,-965.591992571489
C11638,-890.5334225446607,-890.5333675957063,10,-890.5333675957063
C11822,-397.5048800082867,-397.5044641077706,13,-397.5044641077706
C12121,-628.3239716275439,-628.3236206722686,10,-628.3236206722686
C12313,-385.5586541266275,-385.55823773076884,10,-385.55823773076884
C12314,-459.4702182132556,-459.47004764250335,10,-459.47004764250335
C12317,-437.95157818680184,-437.9512387200101,10,-437.9512387200101
C12347,-2196.953457283549,-2196.9534243009984,7,-2196.9534243009984
C12455,-326.92485367404504,-326.9243776351175,11,-326.9243776351175
C12518,-345.1109929738172,-345.11067907500075,15,-345.11067907500075
C12849,-929.4066647384105,-929.4065325450288,10,-929.4065325450288
C13240,-233.1771918200507,-233.1766436128799,5,-233.1766436128799
C13747,-639.8352220554254,-639.8351641035492,10,-639.8351641035492
C14110,-496.2760574492836,-496.2755890425573,10,-496.2755890425573
C14179,-851.259891706905,-851.2597181215895,10,-851.2597181215895
C14219,-765.924671949451,-765.9244513974057,10,-765.9244513974057
C14270,-765.9259917690555,-765.9259400236482,9,-765.9259400236482
C14279,-342.6909379627416,-342.69067537362963,2,-342.69067537362963
C14390,-349.65332148651015,-349.65288909586315,10,-349.65288909586315
C14418,-511.01242533983526,-511.01238156825195,10,-511.01238156825195
C14448,-227.4294576166117,-227.42937652385856,2,-227.42937652385856
C14453,-2878.799608484327,-2878.7996031221505,6,-2878.7996031221505
C14463,-534.5872679511083,-534.5864709940777,10,-534.5864709940777
C14602,-437.9790950359357,-437.978536266332,10,-437.978536266332
C14604,-437.65043426877656,-437.65030885721654,10,-437.65030885721654
C14687,-308.28363781134965,-308.2827171635544,10,-308.2827171635544
C14689,-383.3872565409316,-383.38673968990264,10,-383.38673968990264
C14841,-2878.7988377555735,-2878.7987591088995,10,-2878.7987591088995
C14843,-2953.9110139758727,-2953.910940588377,10,-2953.910940588377
C14858,-1071.7096796608819,-1071.7095077622446,10,-1071.7095077622446
C14866,-1530.7860229366863,-1530.7859831024946,4,-1530.7859831024946
C15025,-555.5994846600055,-555.5991559364909,12,-555.5991559364909
C15478,-591.4794814983028,-591.4790943988752,10,-591.4790943988752
C15488,-252.64930047489287,-252.6488073786668,10,-252.6488073786668
C15523,-586.2723787079091,-586.2722216410814,10,-586.2722216410814
C15562,-326.65962397571354,-326.65953422283235,6,-326.65953422283235
C15571,-381.9456596500454,-381.9455934070113,10,-381.9455934070113
C15572,-421.1505317477012,-421.15047776935637,10,-421.15047776935637
C15584,-306.8342230641743,-306.83421009851963,4,-306.83421009851963
C15673,-759.9053279485586,-759.9045933137465,10,-759.9045933137465
C15930,-761.1193002804736,-761.1190310205999,12,-761.1190310205999
C15987,-402.063466338385,-402.06285474831833,10,-402.06285474831833
C16159,-608.5293739366703,-608.5287342660542,10,-608.5287342660542
C16245,-759.9118768688945,-759.9114065010192,13,-759.9114065010192
C16272,-534.6050366862679,-534.6046995087197,10,-534.6046995087197
C16310,-309.2062112428487,-309.2058411529189,10,-309.2058411529189
C16348,-650.6278793899698,-650.6278177783693,2,-650.6278177783693
C16356,-714.9632611209382,-714.9632106715108,10,-714.9632106715108
C16363,-264.091315075457,-264.0907205268775,10,-264.0907205268775
C16390,-609.7381161447626,-609.7376032141506,10,-609.7376032141506
C16432,-569.2591422861788,-569.2588460810234,10,-569.2588460810234
C16473,-481.05840678236206,-481.0582011395565,10,-481.0582011395565
C16485,-405.9467247262992,-405.94672217318026,4,-405.94672217318026
C16588,-647.7499815827637,-647.7495535851452,10,-647.7495535851452
C16590,-498.70556016318466,-498.70504592779764,10,-498.70504592779764
C16637,-1063.4916352440598,-1063.4911771447553,10,-1063.4911771447553
C16639,-571.6484043106883,-571.6478843529703,10,-571.6478843529703
C16657,-573.8532482733343,-573.8528190409777,10,-573.8528190409777
C16673,-531.2612249972112,-531.2608937944057,10,-531.2608937944057
C16700,-495.07846812162353,-495.0783004158176,15,-495.0783004158176
C16737,-684.8076782314226,-684.8069824897201,10,-684.8069824897201
C16741,-572.1116461124126,-572.1109018171678,10,-572.1109018171678
C16742,-572.1115689232045,-572.1108687677144,10,-572.1108687677144
C16835,-305.88968630619433,-305.8894334875847,13,-305.8894334875847
C16843,-591.4754713900974,-591.4746661104977,10,-591.4746661104977
C16849,-908.7159144013641,-908.7157239205364,16,-908.7157239205364
C16994,-630.6998453283613,-630.6995277151392,10,-630.6995277151392
C17146,-437.4533339261526,-437.45308470696506,10,-437.45308470696506
C17206,-527.1892173144652,-527.1889527667696,2,-527.1889527667696
C17209,-609.6868434479132,-609.6862730222684,10,-609.6862730222684
C17211,-857.1738156682762,-857.1733270494134,10,-857.1733270494134
C17213,-838.984961890647,-838.9842459677712,10,-838.9842459677712
C17356,-626.6257205176013,-626.6248856796619,10,-626.6248856796619
C17361,-552.7081758792689,-552.7073605389942,10,-552.7073605389942
C17385,-625.3303087934854,-625.3302652393949,10,-625.3302652393949
C17467,-421.1644848145846,-421.1641534193136,19,-421.1641534193136
C17576,-665.3954234434511,-665.3950974095455,10,-665.3950974095455
C17577,-684.783625468917,-684.7830930283841,10,-684.7830930283841
C17578,-666.6003132842504,-666.5996261197104,10,-666.5996261197104
C17580,-591.4964510509792,-591.4959641359532,10,-591.4959641359532
C17581,-590.2895447466972,-590.288850210397,10,-590.288850210397
C17714,-424.80181957419006,-424.80106913606295,10,-424.80106913606295
C18028,-609.6862582938918,-609.6858023775615,10,-609.6858023775615
C18170,-400.39601371770965,-400.3956761133707,10,-400.3956761133707
C18246,-1456.8987950885244,-1456.8987950885244,1,-1456.8987950885244
C18248,-538.731687463148,-538.731687463148,1,-538.731687463148
C18316,-495.0647981721407,-495.06474414737187,10,-495.06474414737187
C18317,-496.2818255964049,-496.28173532179073,12,-496.28173532179073
C18319,-346.35861821963,-346.358365207244,10,-346.358365207244
C18351,-437.6530238147599,-437.6526147631503,10,-437.6526147631503
C18473,-681.4322517585377,-681.4318975598176,10,-681.4318975598176
C18620,-511.1401915411706,-511.14017398953337,10,-511.14017398953337
C18653,-754.414377743781,-754.4143435899691,10,-754.4143435899691
C19246,-266.6219021306433,-266.62162932718246,10,-266.62162932718246
C19321,-566.7151469825183,-566.7150625901531,10,-566.7150625901531
C19322,-566.7135443833565,-566.7133603589808,10,-566.7133603589808
C19410,-679.3006735542064,-679.3001832696333,10,-679.3001832696333
C19679,-684.7604169431562,-684.7595820723528,10,-684.7595820723528
C19706,-475.96945956399105,-475.9691651225284,9,-475.9691651225284
C19719,-645.5793890822457,-645.5789511350481,10,-645.5789511350481
C19721,-473.1109294003283,-473.11032009512655,10,-473.11032009512655
C19806,-683.6811684897451,-683.6806177409436,10,-683.6806177409436
C19813,-586.9909651766505,-586.9903859970835,10,-586.9903859970835
C19838,-586.9925630938153,-586.9921415386148,13,-586.9921415386148
